INSERT INTO tbl_user (id, email, work_email, password, full_name, phone_number, academic_rank, academic_degree)
VALUES
    ('fa88d226-67d0-4681-b52d-e6664e59e617', 'chamduongbo@gmail.com', 'lvcham@utc.edu.vn', '1zWeoooF7W4C', 'Lã Văn Chăm', '913220244', 'PGS', 'TS'),
    ('34eeb54c-5377-4c12-b1e0-9138b073c8ef', 'nguyenquangphuc@utc.edu.vn', 'nguyenquangphuc@utc.edu.vn', 'QRbhqK3xHTYU', 'Nguyễn Quang Phúc', '985578929', 'PGS', 'TS'),
    ('06471dbe-d899-4af7-8f03-c918bfbce3cd', 'nguy.n.v.n.h.ng@utc.edu.vn', NULL, '87k3GswIivCT', 'Nguyễn Văn Hùng', '989505377', 'PGS', 'TS'),
    ('4c5acebb-15f8-4bf4-b251-ce16ab4d6a48', 'natuan@utc.edu.vn', 'tuananhnguyen@utc.edu.vn', '13phphOQN2LJ', 'Nguyễn Anh Tuấn', '0834351443', 'GVC', 'TS'),
    ('304ce310-cdf7-4646-9ba7-bb77ad2b5a5e', 'dqcuongdb@yahoo.com', 'dqcuongdb@utc.edu.vn', 'iO2mUu1KwWki', 'Đỗ Quốc Cường', '986680301', 'PGS', 'TS'),
    ('686868af-2b3e-4bfa-a633-8c82c54f0ae1', 'mai.h.i.ng@utc.edu.vn', NULL, 'nYc9J7zJ9i2w', 'Mai Hải Đăng', '0868918001', NULL, 'TS'),
    ('571a1dd1-184a-4539-b18d-32bdcc65db09', 'huechi@utc.edu.vn', 'huechi@utc.edu.vn', '4z1uAsZGb1iq', 'Nguyễn Huệ Chi', '0836388642', 'GVC', 'ThS'),
    ('58eb76b2-5792-45bc-af99-3339acc714dd', 'tandang@utc.edu.vn', 'tandang@utc.edu.vn', '6Gto8IIWxA26', 'Đặng Minh Tân', '983996556', NULL, 'TS'),
    ('3f70d402-bdfd-427d-9482-3ee60cf8b024', 'dungchu@utc.edu.vn', 'dungchu@utc.edu.vn', 'fUrRS6WAeixG', 'Chu Tiến Dũng', '0355526053', 'PGS', 'TS'),
    ('e2b29818-256e-41ca-9bf6-45a232a17d38', 'levinhan@utc.edu.vn', 'levinhan@utc.edu.vn', 'GoDwrb3MdflR', 'Lê Vĩnh An', '888681018', 'PGS', 'TS'),
    ('99e8694f-c375-4881-a154-e95472a3c050', 'nguy.n.minh.nh.t@utc.edu.vn', NULL, 'EJJFbFrk68vq', 'Nguyễn Minh Nhật', '0990946204', NULL, 'ThS'),
    ('2375df1e-b127-427a-a6b9-0466fae9f91b', 'tuananh1978@gmail.com', 'tuananh.bui@utc.edu.vn', 'p5tQxeif8zIo', 'Bùi Tuấn Anh', '904127393', NULL, 'TS'),
    ('bb711837-0154-4a92-a9d1-29b312f46b4f', 'tcha@utc.edu.vn', 'tcha@utc.edu.vn', 'DneVCdCvHaaj', 'Trần Thị Cẩm Hà', '0992455982', 'GVC', 'TS'),
    ('8e52422c-53b3-4fb4-9a0b-d09bb4fbcf6d', 'chieu1256@utc.edu.vn', 'chieu1256@utc.edu.vn', '9UPaRxFOK0Ld', 'Lương Xuân Chiểu', '913399337', NULL, 'TS'),
    ('71c908b0-1759-4d7a-9a5a-334c55bb1a69', 'nguy.n.h.u.d.ng@utc.edu.vn', NULL, 'zzYmWqSkO89c', 'Nguyễn Hữu Dũng', '0944966253', 'GVC', 'TS'),
    ('7e9d1411-19eb-447f-aa5d-7d731557ba30', 'dovuongvinh@utc.edu.vn', 'dovuongvinh@utc.edu.vn', 'A4acNpcbMLR4', 'Đỗ Vương Vinh', '0884788950', 'GVC', 'TS'),
    ('059e3dec-02d3-42bd-8148-17a5cf4afe33', 'tkduong@utc.edu.vn', 'tkduong@utc.edu.vn', 'XyfRrFUK0XgG', 'Trần Khắc Dương', '0954916100', NULL, 'TS'),
    ('834a11d9-7ca6-4349-bf71-98eb41b62d67', 'trandanhhoi@gmail.com', 'tdhoi@utc.edu.vn', '5tVe6GXPpFwe', 'Trần Danh Hợi', '989539246', NULL, 'TS'),
    ('9a540051-e746-4af8-a43d-a485f4776868', 'dangthuhuong@utc.edu.vn', 'dangthuhuong@utc.edu.vn', 'T0pb7SoKnCpZ', 'Đặng Thu Hương', '904060484', NULL, 'ThS'),
    ('d6922eb7-86bd-40bf-892e-723660011f38', 'ha_ttran@yahoo.com', 'tranthuha@utc.edu.vn', 'C5Srx3Bqesgv', 'Trần Thị Thu Hà', '09 8838 0456', 'GVC', 'TS'),
    ('73521cf0-d679-4223-86bc-620a5edfbb26', 'tranthibichthao@gmail.com', 'tranthibichthao@gmail.com', 'BjPlC09GFeVm', 'Trần Thị Bích Thảo', '888606056', NULL, 'ThS'),
    ('a9194770-cb60-46c3-9b95-38b3194dec19', 'nguyenmitra@utc.edu.vn', 'nguyenmitra@utc.edu.vn', 'LzybbWzUPbwq', 'Nguyễn Thị Mi Trà', '0954531492', NULL, 'ThS'),
    ('02506b0e-7d47-4960-b164-0af0183dd482', 'haint@utc.edu.vn', 'haint@utc.edu.vn', 'UmDIwhz8YcwV', 'Nguyễn Thanh Hải', '0873922906', NULL, 'ThS'),
    ('6c7088ed-ed85-4fcd-b799-4748f610e962', 'lxquy@utc.edu.vn', 'lxquy@utc.edu.vn', '5FPay990F5Dn', 'Lê Xuân Quý', '0727714922', NULL, 'TS'),
    ('2f832191-ec37-4958-8619-ada738b60aad', 'vuhoangkhoi@utc.edu.vn', 'vuhoangkhoi@utc.edu.vn', 'WjochkdwFIrm', 'Vũ Hoàng Khôi', '0834911183', NULL, 'ThS'),
    ('2ec342b7-f366-414f-afc0-774d5d0731cb', 'quangtuan.nguyen@utc.edu.vn', 'quangtuan.nguyen@utc.edu.vn', '7htcT0lFVY1K', 'Nguyễn Quang Tuấn', '915245145', 'PGS', 'TS'),
    ('06251445-1fd8-4419-8793-57e44c5a79cc', 'upbringingabc@gmail.com', 'upbringingabc@gmail.com', 'mTR2p3PdmKEK', 'Mai Văn Hiếu', '1294356756', NULL, 'ThS'),
    ('23adb101-d68b-4153-9b67-6f2cbb35cba8', 'vqh171@gmail.com', 'vqh171@gmail.com', 'WceOWw2NDpe5', 'Vũ Quang Huy', '948442171', NULL, 'ThS'),
    ('f1d21394-0b98-43d4-a188-5dc4e4587a67', 'nguyendinhthao@utc.edu.vn', 'nguyendinhthao@utc.edu.vn', 'VkFLOUcxsCCS', 'Nguyễn Đình Thạo', '912127577', NULL, 'TS'),
    ('e6857776-9f88-43ac-a610-d39c573860bd', 'ngvnamgtvt@yahoo.com', 'ngvnamgtvt@yahoo.com', 'KxTTZ8DcJ2cs', 'Nguyễn Văn Nam', '945816683', NULL, 'TS'),
    ('8a1f8ad5-a8a0-4b3d-816c-7546cc99e785', 'nguyentronghiep@gmail.com', 'nguyentronghiep@utc.edu.vn', 'FgTdbiUdtQtO', 'Nguyễn Trọng Hiệp', '972336548', 'PGS', 'TS'),
    ('4a6a2d18-cd21-467d-938f-0f355b45e1d3', 'trinhhieudsb@utc.edu.vn', 'trinhhieudsb@utc.edu.vn', 'YH8aqSgCl3q1', 'Trịnh Thị Hiếu', '0542907711', NULL, 'ThS'),
    ('2f6da8d9-4e37-4ec2-9e84-eb99fcb61629', 'tranthuydsb@gmail.com', 'tranthuydsb@gmail.com', 'CQ9ipwp4zpEB', 'Trần Thị Thuý', '0504139988', NULL, 'ThS'),
    ('4953d620-6296-4d9a-a4e5-cacab089372f', 'linhpham.dsb@utc.edu.vn', 'linhpham.dsb@utc.edu.vn', 'VI97l4MvWsjB', 'Phạm Duy Linh', '903295581', NULL, 'TS'),
    ('b7b36d0e-e5cb-4b6c-bfec-7d0ce404d0b2', 'phamthongdsb@utc.edu.vn', 'phamthongdsb@utc.edu.vn', 'm1cmtkPtqUIK', 'Phạm Quang Thông', '912251122', NULL, 'ThS'),
    ('e38a9229-96de-4406-8aa6-7f1b59c996a3', 'trangdsb@utc.edu.vn', 'trangdsb@utc.edu.vn', 'xwjk4Ckm0g4p', 'Nguyễn Thị Quỳnh Trang', '0732798734', NULL, 'TS'),
    ('735c51f5-1dd7-4018-a77e-fbd793a159d4', 'hongdiepdsb@utc.edu.vn', 'hongdiepdsb@utc.edu.vn', '1Y746BVPTgya', 'Nguyễn Thị Hồng Điệp', '0718482473', NULL, 'TS'),
    ('6ca64b91-a074-4cdb-ac7f-9c3396c476d9', 'huongbuiutc@gmail.com', NULL, 'OOUvWR5b2qXV', 'Bùi Mai Hương', '0827434165', NULL, 'ThS'),
    ('ebf58c27-40f8-4ee3-a45d-4379edda0774', 'nguyenvanlapgt@gmail.com', 'nguyenvanlapgt@gmail.com', 'aMCIVPdHstBS', 'Nguyễn Văn Lập', '0926134475', NULL, 'ThS'),
    ('906a6b2c-987f-41bb-8171-be89ba0d906e', 'vudinhnguyen10@utc.edu.vn', 'vudinhnguyen10@utc.edu.vn', 'gR7FJbGpp4Ff', 'Vũ Đình Nguyên', '0869991163', NULL, 'ThS'),
    ('df97d8da-e26c-4fd9-94bb-ca65f466e5e0', 'phan.vi.t.h.ng@utc.edu.vn', NULL, 'CyV5JguMPqF1', 'Phan Việt Hùng', '0789624938', NULL, 'ThS'),
    ('018c2880-b759-4b89-9d0c-5ac09b92b3e8', 'maitienchinh77@gmail.com', 'maitienchinh77@gmail.com', '58FpIwsTX5g7', 'Mai Tiến Chinh', '912150025', 'GVC', 'TS'),
    ('339b2c11-6e65-449c-85a7-400423f34700', 'haiha_le@yahoo.com', 'lehaiha@utc.edu.vn', 'DYQGsRchaA4A', 'Lê Hải Hà', '912485540', 'PGS', 'TS'),
    ('04a985af-d186-46e1-a22b-3367685670b7', 'tranquocdat.uct@gmail.com', 'tranquocdat.utc@utc.edu.vn', 'fhCh1FwXzDp9', 'Trần Quốc Đạt', '904895218', 'PGS', 'TS'),
    ('045aebc7-ad41-4560-9462-a855105a6139', 'qc020977@gmail.com', 'qc020977@gmail.com', 'ZKvGtMrif7DI', 'Chu Quang Chiến', '912145748', 'GVC', 'ThS'),
    ('5aeb36d4-a3fa-471e-b145-4008e1a81c1f', 'hoa.matoan@gmail.com', NULL, 'JgSV9mxStMt8', 'Phạm Duy Hoà', '0921730311', 'GVC', 'ThS'),
    ('30632049-14af-43a7-8457-553e41c73738', 'lqhungketcau@utc.edu.vn', 'lqhungketcau@utc.edu.vn', 'xN9VyIOQxJnB', 'Lê Quang Hưng', '983056681', NULL, 'ThS'),
    ('abc3b75a-a4af-49ea-b223-2882470ec66f', 'trananhdung@utc.edu.vn', 'trananhdung@utc.edu.vn', '0MTeCU6x25Be', 'Trần Anh Dũng', '983841175', 'GVC', 'TS'),
    ('0dbb8fcd-aada-4df2-a7a6-73a365778314', 'phamthiloan@utc.edu.vn', 'phamthiloan@utc.edu.vn', 'YuX0vSKFronb', 'Phạm Thị Loan', '984787640', NULL, 'ThS'),
    ('f5566089-8075-4dbd-bfb9-aed95dde26a6', 'nguyenducmanh@utc.edu.vn', 'nguyenducmanh@utc.edu.vn', 'Qj9CfKCJQT0u', 'Nguyễn Đức Mạnh', '904679768', 'PGS', 'TS'),
    ('abca7dea-2ec7-4f7c-b5a7-b1f12c9280e0', 'nguyenchaulan@utc.edu.vn', 'nguyenchaulan@utc.edu.vn', 'TMuopBl4DBF9', 'Nguyễn Châu Lân', '912533480', 'PGS', 'TS'),
    ('f0441a40-7e97-4135-9bfb-7d0cc6045dd7', 'vthminh@utc.edu.vn', 'vthminh@utc.edu.vn', 'ABvv8nKMLhhs', 'Võ Thị Hồng Minh', '0507989927', 'GVC', 'ThS'),
    ('523a0b8a-4762-41c4-8512-be7a574efa26', 'vankiennghia@yahoo.com', 'lthvan@utc.edu.vn', 'fpMkExLDxlsO', 'Lê Thị Hồng Vân', '963059160', 'GVC', 'ThS'),
    ('7c0fbd5e-a546-4671-ae02-67149bf2816f', 'laduc@utc.edu.vn', 'laduc@utc.edu.vn', 'USHoOPPgg1nW', 'Lê Anh Đức', '0798378404', NULL, 'ThS'),
    ('80b6fb8e-beed-4de4-97aa-6ba9f2f6e439', 'duchanhdkt@utc.edu.vn', 'duchanhdkt@utc.edu.vn', 'A0fU0wd3pCwK', 'Nguyễn Đức Hạnh', '0784897406', 'GVC', 'TS'),
    ('2e153bcb-5391-4356-bd4c-71034a425637', 'ttdung@utc.edu.vn', 'ttdung@utc.edu.vn', 'AKAI8WNwND5A', 'Trần Trung Dũng', '0851541921', NULL, 'ThS'),
    ('54fde96d-897d-4057-9bd0-ae215001c6d9', 'nttgiang@utc.edu.vn', 'nttgiang@utc.edu.vn', 'UN5o2Hpge8Af', 'Nguyễn Thị Thanh Giang', '0792744346', NULL, 'ThS'),
    ('dedac884-13a0-46e7-9913-6fae24360bab', 'hapt@utc.edu.vn', 'hapt@utc.edu.vn', 'ZOc7kHJWoHUK', 'Phạm Thanh Hà', '0770745511', NULL, 'ThS'),
    ('53d4161f-a848-4730-b936-cd7655be3fee', 'nddung@utc.edu.vn', 'nddung@utc.edu.vn', 'mxe95lPufYwV', 'Nguyễn Đình Dũng', '0303421323', NULL, 'ThS'),
    ('bf83eafa-08f4-4830-b04b-5ff4a7ed6b03', 'nbdong@utc.edu.vn', 'nbdong@utc.edu.vn', 'Q2wQqGOfSqWM', 'Nguyễn Bá Đồng', '0501522612', NULL, 'ThS'),
    ('05bf611d-d6f4-4c85-9fa9-9f50da95fd70', 'phthinh.tomsk@gmail.com', NULL, '8J5iHyK1LlZN', 'Phí Hồng Thịnh', '904766569', 'GVC', 'TS'),
    ('29ebc6b9-6b28-47ad-a15f-72ac42472b5d', 'nguy.n.th.h.i.h.@utc.edu.vn', NULL, 'isHP3psd2W98', 'Nguyễn Thị Hải Hà', '0799666055', NULL, 'ThS'),
    ('9246bf1f-4acf-4f9f-bb35-31cf2a4fd09d', 'anhtuandkt@utc.edu.vn', 'anhtuandkt@utc.edu.vn', 'eeWcv5iKOa83', 'Nguyễn Anh Tuấn', '979922929', NULL, 'ThS'),
    ('14335cbf-af0c-4630-b8f9-e2f8d1af9c79', 'ncdinh@utc.edu.vn', 'ncdinh@utc.edu.vn', 'Dt2xlzlvVoDU', 'Nguyễn Công Định', '865946608', NULL, 'TS'),
    ('e84970ca-65db-42a2-b3b1-2ecfd3b95f37', 'dang.hong.lam@utc.edu.vn', 'danghonglam@utc.edu.vn', 'oi2K67j4bxXS', 'Đặng Hồng Lam', '961290665', 'PGS', 'TS'),
    ('a3df15f4-121b-432f-9c58-720893622734', 'ndvinh@utc.edu.vn', 'ndvinh@utc.edu.vn', 'lCM3jActGvfE', 'Nguyễn Đức Vinh', '983877265', NULL, 'TS'),
    ('41d9aa59-2541-4bc2-a16e-ee36040ca508', 'tranhiennxht@gmail.com', NULL, 'S57bxNyshFrJ', 'Trần Thị Thu Hiền', '983821637', NULL, 'ThS'),
    ('cf732bd7-3ab4-4571-adb2-1d442827ccdd', 'pttrang@utc.edu.vn', 'pttrang@utc.edu.vn', '4XSX4I4mQKHN', 'Phạm Thu Trang', '0911619039', NULL, 'ThS'),
    ('a0403c05-cf3a-4be0-9c04-9ffae6e8dfbb', 'thailinh.303@gmail.com', 'thailinhdkt@utc.edu.vn', 'bl3PVyBGmHPg', 'Nguyễn Thái Linh', '976231677', NULL, 'TS'),
    ('c7f5e0de-c2d9-4c7d-8145-abbbb8085d35', 'nguyenngoclong@utc.edu.vn', 'nguyenngoclong@utc.edu.vn', 'DBr59mVxI5xN', 'Nguyễn Ngọc Long', '0868672995', 'GS', 'TS'),
    ('550f6153-9a59-42cb-ad2f-e28aa6929867', 'ngduytien@utc.edu.vn', 'ngduytien@utc.edu.vn', 'gRH9X9AJ3jV0', 'Nguyễn Duy Tiến', '0796535947', 'PGS', 'TS'),
    ('da8cff4c-7780-4592-b0d9-eb758cab7980', 'btthanh@utc.edu.vn', 'btthanh@utc.edu.vn', 'GllTb3u9hCgN', 'Bùi Tiến Thành', '945096555', 'GS', 'TS'),
    ('421e7ddd-384b-4cd7-ab4c-5a2a7754dcad', 'ncnhung@utc.edu.vn', 'ncnhung@utc.edu.vn', 'FE0UrFIqXvBK', 'Nguyễn Thị Cẩm Nhung', '0985240321', 'GVC', 'TS'),
    ('cf247a37-5d41-4d05-ad59-b79049ff2b57', 'tranthetruyen@utc.edu.vn', 'tranthetruyen@utc.edu.vn', 'DShqKRzv7ntS', 'Trần Thế Truyền', '0508212578', 'PGS', 'TS'),
    ('97ffda6c-906c-46f9-a187-50b2f070ef11', 'nmhai@utc.edu.vn', 'nmhai@utc.edu.vn', '75IcN6lTx0vd', 'Nguyễn Mạnh Hải', '0845501773', NULL, 'KS'),
    ('0c83b17e-c0d7-411d-94bf-030dd7ecae9c', 'doanhtu@utc.edu.vn', 'doanhtu@utc.edu.vn', 'YsFCxXCyMytM', 'Đỗ Anh Tú', '947989218', 'PGS', 'TS'),
    ('321f19d6-fdec-4542-bc38-f6dd39a51d75', 'nxlam@utc.edu.vn', 'nxlam@utc.edu.vn', 'LcTIC6wHkVJ1', 'Nguyễn Xuân Lam', '967906464', 'GVC', 'TS'),
    ('33d36830-05b2-40df-b973-b29d562b10d3', 'ngphuongduy@gmail.com', 'ngphuongduy@gmail.com', 'uCtlGC3UJIVs', 'Nguyễn Phương Duy', '912386996', 'PGS', 'TS'),
    ('5d1774ae-9e83-45cf-b968-8b627ad5d31c', 'nguyenducdungch@gmail.com', 'ducdungutc@gmail.com', 'W2rgm9DOzOc2', 'Nguyễn Đức Dũng', '983418480', NULL, 'TS'),
    ('6e3bdb15-f4d9-47c8-8df6-313dad466c53', 'ntbich@utc.edu.vn', 'thachbich206@gmail.com', 'ujmPOJ5skrN0', 'Nguyễn Thạch Bích', '983047881', NULL, 'TS'),
    ('2c259293-f0e0-42f4-99da-d874f8996ffc', 'ngdacduc@utc.edu.vn', 'ngdacduc@utc.edu.vn', 'gC06mGOGAbJ8', 'Nguyễn Đắc Đức', '904133791', 'GVC', 'TS'),
    ('7cff706c-2784-41dd-a4fb-974c15284e95', 'hau.dhgt@gmail.com', NULL, 'wKFuFBQyQA81', 'Nguyễn Văn Hậu', '0874267388', 'PGS', 'TS'),
    ('a8f3cae6-e5ac-40fb-8a07-d2dd2e77f811', '904965636', 'nhthuan@utc.edu.vn', 'rDT0BSHnURFs', 'Nguyễn Hữu Thuấn', '944022555', 'PGS', 'TS'),
    ('6b335155-58e2-4a78-a8d7-212e18076a9f', 'hxnam@utc.edu.vn', 'hxnam@utc.edu.vn', 'Nc1KDRPQtwgd', 'Hồ Xuân Nam', '978918968', 'PGS', 'TS'),
    ('fcf0edf9-3640-40fd-b7e4-89034ffc57a9', 'trananhtuan@utc.edu.vn', 'trananhtuan@utc.edu.vn', 'nIqYszlyuQ8r', 'Trần Anh Tuấn', '904965636', 'PGS', 'TS'),
    ('0eadb673-4c9d-4074-b9cc-187dbc2a7800', 'lhlinh@utc.edu.vn', 'lhlinh@utc.edu.vn', 'Y5WifYyb6o85', 'Lê Hà Linh', '0589991183', NULL, 'ThS'),
    ('23e7b170-97d5-4d46-ab0c-9f2493cf3551', 'minhngovan83@utc.edu.vn', 'minhngovan83@utc.edu.vn', 'nCHWRrMchIGF', 'Ngô Văn Minh', '994305555', 'PGS', 'TS'),
    ('07bb50fc-3fa4-417f-a49a-f969b73f5707', 'thanguct1584@gmail.com', NULL, 'MbAvQRUZP1Er', 'Thẩm Quốc Thắng', '0594598093', NULL, 'ThS'),
    ('ae55900e-1895-4a60-8114-7f111db5e122', 'buithanhtung300687@gmail.com', 'buithanhtung300687@gmail.com', 'NM0ITh7Ia2VF', 'Bùi Thanh Tùng', '0747208491', NULL, 'ThS'),
    ('5940a590-f9bc-4548-b966-2db8bce2b495', 'ngtuanbinh@gmail.com', 'ngtuanbinh@gmail.com', 'QZdLkEUoQV1m', 'Nguyễn Tuấn Bình', '915003558', NULL, 'ThS'),
    ('4fdaff89-f604-459b-b435-ba47ec02f551', 'tr.n.ng.c.ho.@utc.edu.vn', NULL, 'PuttEJZQpt94', 'Trần Ngọc Hoà', '0812527341', NULL, 'TS'),
    ('87cd85c5-9c09-4aa4-b6f0-20cdcba7a1c6', 'v.b.th.nh@utc.edu.vn', NULL, 'sWwL9oS5tazF', 'Vũ Bá Thành', '0546181957', NULL, 'TS'),
    ('ceb67c7a-21cf-4b41-a49d-d9bb6a4f9b93', 'hoangviethai@utc.edu.vn', 'hoangviethai@utc.edu.vn', '74bkMPLMbWbH', 'Hoàng Việt Hải', '0356746607', 'PGS', 'TS'),
    ('82afe22c-ee05-45b3-aa64-518ce2aa4c97', 'baanh.le@utc.edu.vn', 'baanh.le@utc.edu.vn', 'uceJPHhrP3NM', 'Lê Bá Anh', '0971625207', 'PGS', 'TS'),
    ('b6708893-04da-4ee7-9187-d2a0a32e298c', 'nguy.n.ng.c.l.n@utc.edu.vn', NULL, 'lOBlWX4dVgYT', 'Nguyễn Ngọc Lân', '0822246181', NULL, 'ThS'),
    ('8c1aa729-0c3d-441c-a69e-82214546884a', 'nguy.n.l.minh.ng@utc.edu.vn', NULL, 'GkhJmhjNMSv6', 'Nguyễn Lê Minh Đăng', '0973790305', NULL, 'KS'),
    ('f26657fa-b3ee-43d5-bb9a-e9acc8145a3d', 'tranviethung@utc.edu.vn', 'tranviethung@utc.edu.vn', 'IlWHLWAYHjiW', 'Trần Việt Hùng', '912338980', 'PGS', 'TS'),
    ('063e9573-3991-46f8-acfa-5fce70746caf', 'nguy.n.th.tuy.t.trinh@utc.edu.vn', NULL, 'cRfP3km1TA81', 'Nguyễn Thị Tuyết Trinh', '0809366218', 'PGS', 'TS'),
    ('68fe1340-ba30-4381-9683-06d62c6163fe', 'ntbachduong@utc.edu.vn', 'ntbachduong@utc.edu.vn', '9u3AgTU5rm7H', 'Nguyễn Thị Bạch Dương', '989587123', 'PGS', 'TS'),
    ('3bce2529-c096-45d9-b298-dda93293150c', 'phamduyanh@utc.edu.vn', 'phamduyanh@utc.edu.vn', 'dXEegT0UeCGE', 'Phạm Duy Anh', '913570314', 'PGS', 'TS'),
    ('729b04c9-1240-4792-9db3-4407c8e00d58', 'hoangha.utc2020@gmail.com', NULL, 'LbI7oJwEyXnl', 'Hoàng Hà', '903413886', 'PGS', 'TS'),
    ('f76e36bc-18af-4e55-9189-12be3a556cc7', 'lqhanh@utc.edu.vn', 'lqhanh@utc.edu.vn', 'LRgPvvMGgZHR', 'Lê Quang Hanh', '0991242652', 'PGS', 'TS'),
    ('670645bd-c56a-41c4-b0ec-2768a9ce77da', 'ngthudinh@gmail.com', 'ngthudinh@gmail.com', 'f9n3xsjPd4xT', 'Nguyễn Đức Thị Thu Định', '983050615', NULL, 'TS'),
    ('bd28429a-6386-425f-a9ce-82a297870973', 'nhhunggttp@utc.edu.vn', 'nhhunggttp@utc.edu.vn', '7QpEK5nKPAdd', 'Nguyễn Hữu Hưng', '912178594', 'PGS', 'TS'),
    ('476895d8-7c7d-41a9-b37f-1e3014fcad06', 'tranthuhang.utc@gmail.com', 'tranthuhang.utc@gmail.com', 'qN13jfRsCfp5', 'Trần Thị Thu Hằng', '915085660', 'PGS', 'TS'),
    ('a6ba06eb-f0c8-436d-b83f-894748207c88', 'daoduylam@utc.edu.vn', 'daoduylam@utc.edu.vn', 'OQmBTn9onaYM', 'Đào Duy Lâm', '912532728', 'PGS', 'TS'),
    ('892835d5-21e1-4847-9745-51dae982a034', 'ngthanhtrung.uct@gmail.com', 'nguyenthanhtrung@utc.edu.vn', '9pjgs5njO7PR', 'Nguyễn Thành Trung', '903432326', 'PGS', 'TS'),
    ('3e1349ac-7871-4b79-a8e3-a48ed57ffd8b', 'vietthanh@utc.edu.vn', 'vietthanh@utc.edu.vn', 'jG20cYkQ1h60', 'Nguyễn Viết Thanh', '913080860', 'PGS', 'TS'),
    ('de0abfc6-a317-47ca-8787-ab0e7507e0e4', 'nadan@utc.edu.vn', 'nadan@utc.edu.vn', 'afTF8qgQAFJ9', 'Nguyễn Anh Dân', '0567702819', NULL, 'TS'),
    ('fd7ba70c-c16c-46c1-91e8-79eee066b2fc', 'macvanha@utc.edu.vn', 'macvanha@utc.edu.vn', '4Boa7Ttuxm9A', 'Mạc Văn Hà', '0723153048', NULL, 'TS'),
    ('b0fdae8f-88a0-496d-8653-58b51b07fc22', 'tranminhlong@utc.edu.vn', 'tranminhlong@utc.edu.vn', 'fZ1FlKVb7qQM', 'Trần Minh Long', '0564208460', NULL, 'ThS'),
    ('8e1218cd-bf87-4862-a379-06ff604acafe', 'thaikimchi.vn@gmail.com', 'thaikimchi.vn@gmail.com', 'PgWivZZrRHkA', 'Thái Thị Kim Chi', '988115110', NULL, 'TS'),
    ('23cef3ae-7d1d-49e8-917f-fbb7ff157cf2', 'hoanhcuong@utc.edu.vn', 'hoanhcuong@utc.edu.vn', 'lP8byGyycxnV', 'Hồ Anh Cương', '913249714', 'PGS', 'TS'),
    ('e2189d60-ad09-4aad-b810-308da778618c', 'vpthao@utc.edu.vn', 'vpthao@utc.edu.vn', '531UWbZgMM5o', 'Vũ Phương Thảo', '912375125', 'GVC', 'TS'),
    ('9a9e0009-59fc-4dbd-b752-743d3bbd1243', 'nguy.n.lan.anh@utc.edu.vn', NULL, 'Rlayrn69IGrP', 'Nguyễn Lan Anh', '0581582840', NULL, 'ThS'),
    ('a7c0b83d-6c2c-43cf-8e18-1175eb1d7864', 'ph.m.v.h.@utc.edu.vn', NULL, 'p25i0rGB3hDM', 'Phạm Vũ Hà', '912258808', NULL, 'ThS'),
    ('f7385dbf-f479-498a-9285-5a66c74ddd73', 'huyhung08gtcc@yahoo.com', 'nhhung@utc.edu.vn', '3lJfWiBQjyu2', 'Nguyễn Huy Hùng', '912513293', NULL, 'ThS'),
    ('6c5969e7-82ff-4ff8-855c-0628ece338a5', 'phuongvn84@gmail.com', 'vnphuong@utc.edu.vn', 'JBJAp6M7hKsE', 'Vũ Ngọc Phương', '0503858798', NULL, 'TS'),
    ('fcf5e280-88a2-4179-a743-ff367e89e8a8', 'nhlinh@utc.edu.vn', 'nhlinh@utc.edu.vn', 'iiztgPHvetqm', 'Nguyễn Hà Linh', '936797989', NULL, 'ThS'),
    ('82070cb6-8e0b-4032-a6d0-e473ea57a7f4', 'ttnhan.hoang@gmail.com', 'ttnhan.hoang@utc.edu.vn', '5QRMDheScSHs', 'Hoàng Thị Thanh Nhàn', '914668145', NULL, 'TS'),
    ('7d2d4bb6-0fba-4c1c-ab5c-9536b21d62e2', 'hoangthanhthuy0810@utc.edu.vn', 'hoangthanhthuy0810@utc.edu.vn', 'CNlQWwfWrwVI', 'Hoàng Thanh Thuý', '0732140582', NULL, 'ThS'),
    ('db34665f-6bb8-41d1-96b0-6d35694c87d0', 'viethungpt@gmail.com', 'hungtv@utc.edu.vn', 'I6CP4zS04OkQ', 'Trần Việt Hưng', '936684668', 'GVC', 'TS'),
    ('44dc14dd-9530-40ac-8d83-c001209b76a0', 'daovandinhkc@utc.edu.vn', 'daovandinhkc@utc.edu.vn', 'FR26jtCBRw1K', 'Đào Văn Dinh', '983584903', 'PGS', 'TS'),
    ('367f84fb-d46a-4f5c-aa7a-6c9d6576296b', 'ntkien@utc.edu.vn', 'ntkien@utc.edu.vn', 'MlZQ53BAW7u4', 'Nguyễn Trung Kiên', '932226886', 'PGS', 'TS'),
    ('63cd0dda-ac71-4ec6-9474-b4de34d36c70', 'nngoclamkc@utc.edu.vn', 'nngoclamkc@utc.edu.vn', 'bungb16PGtAs', 'Nguyễn Ngọc Lâm', '914563456', 'GVC', 'ThS'),
    ('5ed1f41f-dd29-4c42-b4f1-5692766332a1', 'tdhien@utc.edu.vn', 'tdhien@utc.edu.vn', 'n9Rp7KacDXzm', 'Tạ Duy Hiển', '902222659', 'PGS', 'TS'),
    ('bd3294ca-e86c-4c21-b5c4-d80cd4fdaebd', 'quanggtvt@gmail.com', 'quanggtvt@gmail.com', 'WjNO7qnr8bAz', 'Bùi Thanh Quang', '931733357', 'GVC', 'TS'),
    ('9700f434-c327-4cb1-96e5-d9e70762cc6d', 'huongketcau@gmail.com', 'huongketcau@utc.edu.vn', 'eaAnVTOxwJWv', 'Cao Thị Mai Hương', '973373679', NULL, 'ThS'),
    ('3d9db642-728d-4701-887b-0a4a0656c285', 'sydandao@gmail.com', 'sydandao@utc.edu.vn', 'SecK3bvO7TsC', 'Đào Sỹ Đán', '912358602', 'GVC', 'TS'),
    ('c8a75e46-337f-4217-b394-47880ac6f2bb', 'ngaketcau@utc.edu.vn', 'ngaketcau@utc.edu.vn', 'gIoYWmrKI6ju', 'Lê Quỳnh Nga', '912561646', NULL, 'ThS'),
    ('d1cfdfb7-f3f5-4c8c-abe7-1fb5c553e99b', 'ngxuantung@utc.edu.vn', 'ngxuantung@utc.edu.vn', 'FACg70JPAGtG', 'Nguyễn Xuân Tùng', '983665321', 'PGS', 'TS'),
    ('2b2bf5ad-2391-4231-a4ab-f7c81594e71d', 'nhungbmkc@gmail.com', 'nhungbmkc@gmail.com', 't0E64tlolTIl', 'Nguyễn Thị Nhung ', '982040383', NULL, 'ThS'),
    ('8d15a79e-6b74-47a2-84cd-9c644b52dcb8', 'phamvanphe@utc.edu.vn', 'phamvanphe@utc.edu.vn', 'yOGVfcT6Acuv', 'Phạm Văn Phê', '865651184', 'PGS', 'TS'),
    ('25abbe48-9398-46e2-9cbc-a212a2898158', 'dothihanguct@gmail.com', NULL, 'nh3Tc1lKznjv', 'Đỗ Thị Hằng', '1682828476', NULL, 'ThS'),
    ('6b8eda1e-216e-416b-ac16-bab209c9b747', 'nguy.n.c.b.nh@utc.edu.vn', NULL, 'rU9smjbq6tqY', 'Nguyễn Đức Bình', '0374089967', NULL, 'ThS'),
    ('3c0e536c-9815-4a7d-b8e5-4a6b4f7d5323', 'lxbinh0201@yahoo.com', 'lxbinh0201@utc.edu.vn', 'Ru70qGCHB1tT', 'Lương Xuân Bính', '983661439', 'PGS', 'TS'),
    ('444de01c-e4e5-46b7-a500-53011de9757e', 'minhhai.trinh79@utc.edu.vn', 'minhhai.trinh79@utc.edu.vn', 'oD8Wywzu8J5D', 'Trịnh Minh Hải', '912161620', NULL, 'TS'),
    ('373dcb2c-9d59-41c8-94ac-40536610bf5f', 'hiengt79@yahoo.com', 'hiengt79@utc.edu.vn', 'uniY2j6PROOz', 'Tạ Thị Hiền', '974665566', NULL, 'TS'),
    ('13d0dd62-2535-4f1f-b407-22f6eed4198f', 'quysbvl@gmail.com', 'quysbvl@utc.edu.vn', 'y5dV6nFE0Upr', 'Đỗ Xuân Quý', '989556088', 'GVC', 'ThS'),
    ('574cd9af-57a7-48db-b646-41d5ed923ba2', 'trinhsbvl@utc.edu.vn', 'trinhsbvl@utc.edu.vn', 'tUR0No2Yxyeu', 'Vũ Ngọc Trinh', '0873139089', NULL, 'ThS'),
    ('ab9cb20a-4e0d-487b-9c27-6bc857114523', 'vnlsbvl@yahoo.com', 'vnlsbvl@utc.edu.vn', 'u6WmyN9jfSbX', 'Vũ Ngọc Linh', '969254515', NULL, 'TS'),
    ('75d6779d-d207-4e42-9258-bc40f090da28', 'ngahpnh@utc.edu.vn', 'ngahpnh@utc.edu.vn', 'plZJIUAXODPG', 'Vũ Thị Nga', '984309129', NULL, 'ThS'),
    ('dd987597-2b77-40e6-9d21-c0ab2b8a29a3', 'haquangt@utc.edu.vn', 'haquangt@utc.edu.vn', 'l1b2xcS7QIyY', 'Hà Văn Quân', '978525425', NULL, 'ThS'),
    ('5485571d-5c94-45b5-a4e1-9e58a20e6fc5', 'hoangtuan0406@utc.edu.vn', 'hoangtuan0406@utc.edu.vn', 'ZpGyat27Vrrr', 'Hoàng Văn Tuấn', '0324274567', NULL, 'ThS'),
    ('726600a4-5708-432a-8ded-6cc003fc6898', 'lethanhtam8689@utc.edu.vn', 'lethanhtam8689@utc.edu.vn', 'hzWrUY7VqDrk', 'Lê Thanh Tâm', '0831510129', NULL, 'ThS'),
    ('9701439e-ce87-4dfc-af8e-5609e2118778', 'luusbvl@uct.edu.vn', 'luusbvl@uct.edu.vn', '5PYFnLVTZPzx', 'Lê Xuân Lưu', '978969192', NULL, 'TS'),
    ('616530ab-6a30-4921-9934-2bab965aec86', 'nguy.n.ng.hanh@utc.edu.vn', NULL, '0dAtwB3NrfJ6', 'Nguyễn Đăng Hanh', '901968988', NULL, 'TS'),
    ('7dfa80f7-399b-40ec-a311-5e9694f42715', 'phkien@utc.edu.vn', 'phkien@utc.edu.vn', 'PVPhWehr7xdV', 'Phạm Hoàng Kiên', '975474828', 'PGS', 'TS'),
    ('81f36987-366c-4672-bd8d-fb55d7ec55da', 'tranthehiep@utc.edu.vn', 'tranthehiep@utc.edu.vn', 'gCoA0wyBslZQ', 'Trần Thế Hiệp', '913084276', NULL, 'ThS'),
    ('e7161923-a4bb-4e2b-9b4f-4469e6d98d79', 'thanhyentdh@gmail.com', 'nguyenthanhyen@utc.edu.vn', 'WQT8X4228xZa', 'Nguyễn Thị Thanh Yên', 'O859766899', NULL, 'ThS'),
    ('1de0d46b-6ba1-4a37-825a-b9caf1ca7495', 'ngdphuong@utc.edu.vn', 'ngdphuong@utc.edu.vn', 'aZ7Ln5ILm9UY', 'Nguyễn Đình Phương', '0821303176', NULL, 'ThS'),
    ('e4bcf3d8-d97c-4b43-b844-700ad40388ac', 'buicongdo@utc.edu.vn', 'buicongdo@utc.edu.vn', 'ASL4cWJ7nWhi', 'Bùi Công Độ', '987757010', NULL, 'ThS'),
    ('c760a31d-da90-451e-a562-327321b07661', 'hienld@utc.edu.vn', 'hienld@utc.edu.vn', 'tNNmnuVqLB9G', 'Lê Đắc Hiền', '914346899', NULL, 'ThS'),
    ('d69cef65-2636-44d0-b6fd-f9e393b9e0ad', 'ptthien@utc.edu.vn', 'ptthien@utc.edu.vn', 'k6qWNxK8cJGr', 'Phan Thị Thu Hiền', '0999542231', NULL, 'ThS'),
    ('22b2f51c-863a-4718-9ccf-2b51b62b9a90', 'nguy.n.th.h.ng.h.nh@utc.edu.vn', NULL, 'YkKSIouz94XC', 'Nguyễn Thị Hồng Hạnh', '374284528', NULL, 'ThS'),
    ('b037c2e1-004b-45a4-b40c-80319c1dc7c2', 'tatuan@utc.edu.vn', 'tatuan@utc.edu.vn', '3ykj1mJOCHNo', 'Tống Anh Tuấn', '979255005', 'GVC', 'TS'),
    ('7f7b6e8d-2a04-422e-8562-dddd55830a27', 'huytltv@gmail.com', 'mqhuy@utc.edu.vn', 'kgpH4DSA949A', 'Mai Quang Huy', '987899335', 'GVC', 'TS'),
    ('7e61377f-41a9-44c6-ae13-26e64506dddf', 'ndphong@utc.edu.vn', 'ndphong@utc.edu.vn', 'EkEnlTG1Dezw', 'Nguyễn Đăng Phóng', '904222171', 'GVC', 'TS'),
    ('7b5529a1-4c89-4dc2-9e5d-1fbdc9d75a95', 'dtnoi@utc.edu.vn', 'dtnoi@utc.edu.vn', 'tyl3FnkuvAe0', 'Doãn Thị Nội', '916992621', 'GVC', 'TS'),
    ('1dbbfdbb-11c9-484d-8272-c6437073d5e1', 'ltvha@utc.edu.vn', 'ltvha@utc.edu.vn', '9xPUepd8rVCk', 'Lê Thị Việt Hà', '988096429', 'GVC', 'TS'),
    ('7ad783ef-a23e-472d-a208-531d72698bd5', 'phuongtltv@utc.edu.vn', 'phuongtltv@utc.edu.vn', 'EyBy0IEmVD22', 'Trần Thu Phương', '936258582', NULL, 'ThS'),
    ('0cecfabc-47fa-4b11-8aa6-5d58848a27f4', 'htmhai@utc.edu.vn', 'htmhai@utc.edu.vn', 'zvMVgjS15vzB', 'Hoàng Thị Minh Hải', '0512995741', NULL, 'ThS'),
    ('24d0e828-6bf2-4030-96ab-b7f4ba773c96', 'ntnga@utc.edu.vn', 'ntnga@utc.edu.vn', 'Kb0rHsWMQNEd', 'Nguyễn Thanh Nga', '0716402780', NULL, 'ThS'),
    ('4a2bb970-03af-49fa-b73d-e1463f2ff6a3', 'phamthao7982@utc.edu.vn', 'phamthao7982@utc.edu.vn', 'q5ql1dtl0QF9', 'Phạm Thị Thảo', '904562826', NULL, 'ThS'),
    ('449d8837-7d80-4781-a8a1-b2811fc3e6c6', 'dtthuy@utc.edu.vn', 'dtthuy@utc.edu.vn', 'wLU7ZKFeIrjc', 'Đặng Thu Thuỷ', '912799783', 'GVC', 'ThS'),
    ('a568ee2b-be88-4ef8-95ba-985dfaf5745d', 'binhhn@utc.edu.vn', 'binhhn@utc.edu.vn', '8GVHYAamOSba', 'Hoàng Nam Bình', '0337123490', 'GVC', 'TS'),
    ('e8e2233d-fd1e-471b-908c-2e372a2ed017', 'hchuyen9299@gmail.com', 'pmtrang@utc.edu.vn', '98S9zeGx9gSp', 'Phạm Minh Trang', '0549493010', NULL, 'ThS'),
    ('454e0ce8-5632-4627-b9d4-f0f58a32e7c3', 'tranhocutc@gmail.com', 'hoctq@utc.edu.vn', 'JpYNxBoqBhNd', 'Trần Quang Học', '963814555', 'PGS', 'TS'),
    ('226e9b99-eb5d-4088-92ca-e566ef53d7cc', 'hienlv@utc.edu.vn', 'hienlv@utc.edu.vn', '8gQH3sIZSm8A', 'Lê Văn Hiến', '981110910', NULL, 'TS'),
    ('8010e150-e290-4b21-9726-aed032173ca5', 'huonghl@utc.edu.vn', 'huonghl@utc.edu.vn', '7mLCC2cl2Z1O', 'Hồ Thị Lan Hương', '983750750', 'PGS', 'TS'),
    ('f006cf4e-87a2-4dd9-997c-2f6d4dab8d4c', 'chinhnv@utc.edu.vn', 'chinhnv@utc.edu.vn', 'P5WToYiO4fRl', 'Nguyễn Văn Chính', '986184664', 'GVC', 'TS'),
    ('5f960683-1b7b-44bd-a03a-038c0e8c97e2', 'ttthao.uct@gmail.com', NULL, 'ZBfzXExSLiRF', 'Trần Thị Thảo', '986993206', NULL, 'TS'),
    ('ed786b36-7d2c-4117-bb49-438e3f5c94e2', 'nguy.n.thu.linh@utc.edu.vn', NULL, 'TvQvnMuqdBle', 'Nguyễn Thuỳ Linh', '0921120110', NULL, 'TS'),
    ('234b0c93-9351-4798-84b3-80a7adda61ea', 'l.kh.nh.giang@utc.edu.vn', NULL, 'BWm4O69DeuUc', 'Lê Khánh Giang', '0996955430', NULL, 'TS'),
    ('7c054a81-3f2a-4ef0-bc60-ae2d8f9e13be', 'l.minh.ng.c@utc.edu.vn', NULL, 'ct9g5h4V19Yp', 'Lê Minh Ngọc', '0392761055', NULL, 'ThS'),
    ('b8dde1ae-c803-4662-8fcc-4503255228ec', 'tr.n.c.c.ng@utc.edu.vn', NULL, 'suHNmzHPzYzS', 'Trần Đức Công', '0855888872', NULL, 'ThS'),
    ('c9255c28-e938-432b-a6df-e755169ac8aa', '.v.n.m.nh@utc.edu.vn', NULL, 'NSmIRlACuWIq', 'Đỗ Văn Mạnh', '0389130623', NULL, 'TS'),
    ('d96109b8-a801-4482-a3de-f854a3380860', 'lequang16682@yahoo.com', 'lequang16682@yahoo.com', 'l8CChRkimnfW', 'Lê Quang', '0983.316.682', NULL, 'ThS'),
    ('2c515505-7009-4abd-b3b9-305a6a2c6917', 'v.ng.c.ph.ng@utc.edu.vn', NULL, '65oWhscyuiFw', 'Vũ Ngọc Phượng', '0738111652', NULL, 'ThS'),
    ('964553f8-6bfb-480a-a808-c19b964ac200', 'ngthanhminh74@gmail.com', 'ngthanhminh74@gmail.com', 'gGEjhCXwUz2Y', 'Nguyễn Thanh Minh', '0804241752', NULL, 'ThS'),
    ('50eb8cea-9b49-4f83-8896-d0f75d64c6e8', 'phamphuongthaovpkct79@gmail.com', 'phamphuongthaovpkct79@gmail.com', 'CbxDk4Y9aIqS', 'Phạm Thị Phương Thảo', '0557639209', NULL, 'ThS'),
    ('30d56f78-a723-4d28-acd2-9ba12802c73e', 'thanhbinhvpkct@gmail.com', 'thanhbinhvpkct@gmail.com', 'l3KcXzy4LlCD', 'Nguyễn Thanh Bình', '0904339892', NULL, 'ThS');

INSERT INTO tbl_role(id, name, description)
VALUES (1, 'USER', 'user'),
       (2, 'ADMIN', 'manage everything');

INSERT INTO tbl_user_role (user_id, role_id)
VALUES
    ('fa88d226-67d0-4681-b52d-e6664e59e617', 1),
    ('34eeb54c-5377-4c12-b1e0-9138b073c8ef', 1),
    ('06471dbe-d899-4af7-8f03-c918bfbce3cd', 1),
    ('4c5acebb-15f8-4bf4-b251-ce16ab4d6a48', 1),
    ('304ce310-cdf7-4646-9ba7-bb77ad2b5a5e', 1),
    ('686868af-2b3e-4bfa-a633-8c82c54f0ae1', 1),
    ('571a1dd1-184a-4539-b18d-32bdcc65db09', 1),
    ('58eb76b2-5792-45bc-af99-3339acc714dd', 1),
    ('3f70d402-bdfd-427d-9482-3ee60cf8b024', 1),
    ('e2b29818-256e-41ca-9bf6-45a232a17d38', 1),
    ('99e8694f-c375-4881-a154-e95472a3c050', 1),
    ('2375df1e-b127-427a-a6b9-0466fae9f91b', 1),
    ('bb711837-0154-4a92-a9d1-29b312f46b4f', 1),
    ('8e52422c-53b3-4fb4-9a0b-d09bb4fbcf6d', 1),
    ('71c908b0-1759-4d7a-9a5a-334c55bb1a69', 1),
    ('7e9d1411-19eb-447f-aa5d-7d731557ba30', 1),
    ('059e3dec-02d3-42bd-8148-17a5cf4afe33', 1),
    ('834a11d9-7ca6-4349-bf71-98eb41b62d67', 1),
    ('9a540051-e746-4af8-a43d-a485f4776868', 1),
    ('d6922eb7-86bd-40bf-892e-723660011f38', 1),
    ('73521cf0-d679-4223-86bc-620a5edfbb26', 1),
    ('a9194770-cb60-46c3-9b95-38b3194dec19', 1),
    ('02506b0e-7d47-4960-b164-0af0183dd482', 1),
    ('6c7088ed-ed85-4fcd-b799-4748f610e962', 1),
    ('2f832191-ec37-4958-8619-ada738b60aad', 1),
    ('2ec342b7-f366-414f-afc0-774d5d0731cb', 1),
    ('06251445-1fd8-4419-8793-57e44c5a79cc', 1),
    ('23adb101-d68b-4153-9b67-6f2cbb35cba8', 1),
    ('f1d21394-0b98-43d4-a188-5dc4e4587a67', 1),
    ('e6857776-9f88-43ac-a610-d39c573860bd', 1),
    ('8a1f8ad5-a8a0-4b3d-816c-7546cc99e785', 1),
    ('4a6a2d18-cd21-467d-938f-0f355b45e1d3', 1),
    ('2f6da8d9-4e37-4ec2-9e84-eb99fcb61629', 1),
    ('4953d620-6296-4d9a-a4e5-cacab089372f', 1),
    ('b7b36d0e-e5cb-4b6c-bfec-7d0ce404d0b2', 1),
    ('e38a9229-96de-4406-8aa6-7f1b59c996a3', 1),
    ('735c51f5-1dd7-4018-a77e-fbd793a159d4', 1),
    ('6ca64b91-a074-4cdb-ac7f-9c3396c476d9', 1),
    ('ebf58c27-40f8-4ee3-a45d-4379edda0774', 1),
    ('906a6b2c-987f-41bb-8171-be89ba0d906e', 1),
    ('df97d8da-e26c-4fd9-94bb-ca65f466e5e0', 1),
    ('018c2880-b759-4b89-9d0c-5ac09b92b3e8', 1),
    ('339b2c11-6e65-449c-85a7-400423f34700', 1),
    ('04a985af-d186-46e1-a22b-3367685670b7', 1),
    ('045aebc7-ad41-4560-9462-a855105a6139', 1),
    ('5aeb36d4-a3fa-471e-b145-4008e1a81c1f', 1),
    ('30632049-14af-43a7-8457-553e41c73738', 1),
    ('abc3b75a-a4af-49ea-b223-2882470ec66f', 1),
    ('0dbb8fcd-aada-4df2-a7a6-73a365778314', 1),
    ('f5566089-8075-4dbd-bfb9-aed95dde26a6', 1),
    ('abca7dea-2ec7-4f7c-b5a7-b1f12c9280e0', 1),
    ('f0441a40-7e97-4135-9bfb-7d0cc6045dd7', 1),
    ('523a0b8a-4762-41c4-8512-be7a574efa26', 1),
    ('7c0fbd5e-a546-4671-ae02-67149bf2816f', 1),
    ('80b6fb8e-beed-4de4-97aa-6ba9f2f6e439', 1),
    ('2e153bcb-5391-4356-bd4c-71034a425637', 1),
    ('54fde96d-897d-4057-9bd0-ae215001c6d9', 1),
    ('dedac884-13a0-46e7-9913-6fae24360bab', 1),
    ('53d4161f-a848-4730-b936-cd7655be3fee', 1),
    ('bf83eafa-08f4-4830-b04b-5ff4a7ed6b03', 1),
    ('05bf611d-d6f4-4c85-9fa9-9f50da95fd70', 1),
    ('29ebc6b9-6b28-47ad-a15f-72ac42472b5d', 1),
    ('9246bf1f-4acf-4f9f-bb35-31cf2a4fd09d', 1),
    ('14335cbf-af0c-4630-b8f9-e2f8d1af9c79', 1),
    ('e84970ca-65db-42a2-b3b1-2ecfd3b95f37', 1),
    ('a3df15f4-121b-432f-9c58-720893622734', 1),
    ('41d9aa59-2541-4bc2-a16e-ee36040ca508', 1),
    ('cf732bd7-3ab4-4571-adb2-1d442827ccdd', 1),
    ('a0403c05-cf3a-4be0-9c04-9ffae6e8dfbb', 1),
    ('c7f5e0de-c2d9-4c7d-8145-abbbb8085d35', 1),
    ('550f6153-9a59-42cb-ad2f-e28aa6929867', 1),
    ('da8cff4c-7780-4592-b0d9-eb758cab7980', 1),
    ('421e7ddd-384b-4cd7-ab4c-5a2a7754dcad', 1),
    ('cf247a37-5d41-4d05-ad59-b79049ff2b57', 1),
    ('97ffda6c-906c-46f9-a187-50b2f070ef11', 1),
    ('0c83b17e-c0d7-411d-94bf-030dd7ecae9c', 1),
    ('321f19d6-fdec-4542-bc38-f6dd39a51d75', 1),
    ('33d36830-05b2-40df-b973-b29d562b10d3', 1),
    ('5d1774ae-9e83-45cf-b968-8b627ad5d31c', 1),
    ('6e3bdb15-f4d9-47c8-8df6-313dad466c53', 1),
    ('2c259293-f0e0-42f4-99da-d874f8996ffc', 1),
    ('7cff706c-2784-41dd-a4fb-974c15284e95', 1),
    ('a8f3cae6-e5ac-40fb-8a07-d2dd2e77f811', 1),
    ('6b335155-58e2-4a78-a8d7-212e18076a9f', 1),
    ('fcf0edf9-3640-40fd-b7e4-89034ffc57a9', 1),
    ('0eadb673-4c9d-4074-b9cc-187dbc2a7800', 1),
    ('23e7b170-97d5-4d46-ab0c-9f2493cf3551', 1),
    ('07bb50fc-3fa4-417f-a49a-f969b73f5707', 1),
    ('ae55900e-1895-4a60-8114-7f111db5e122', 1),
    ('5940a590-f9bc-4548-b966-2db8bce2b495', 1),
    ('4fdaff89-f604-459b-b435-ba47ec02f551', 1),
    ('87cd85c5-9c09-4aa4-b6f0-20cdcba7a1c6', 1),
    ('ceb67c7a-21cf-4b41-a49d-d9bb6a4f9b93', 1),
    ('82afe22c-ee05-45b3-aa64-518ce2aa4c97', 1),
    ('b6708893-04da-4ee7-9187-d2a0a32e298c', 1),
    ('8c1aa729-0c3d-441c-a69e-82214546884a', 1),
    ('f26657fa-b3ee-43d5-bb9a-e9acc8145a3d', 1),
    ('063e9573-3991-46f8-acfa-5fce70746caf', 1),
    ('68fe1340-ba30-4381-9683-06d62c6163fe', 1),
    ('3bce2529-c096-45d9-b298-dda93293150c', 1),
    ('729b04c9-1240-4792-9db3-4407c8e00d58', 1),
    ('f76e36bc-18af-4e55-9189-12be3a556cc7', 1),
    ('670645bd-c56a-41c4-b0ec-2768a9ce77da', 1),
    ('bd28429a-6386-425f-a9ce-82a297870973', 1),
    ('476895d8-7c7d-41a9-b37f-1e3014fcad06', 1),
    ('a6ba06eb-f0c8-436d-b83f-894748207c88', 1),
    ('892835d5-21e1-4847-9745-51dae982a034', 1),
    ('3e1349ac-7871-4b79-a8e3-a48ed57ffd8b', 1),
    ('de0abfc6-a317-47ca-8787-ab0e7507e0e4', 1),
    ('fd7ba70c-c16c-46c1-91e8-79eee066b2fc', 1),
    ('b0fdae8f-88a0-496d-8653-58b51b07fc22', 1),
    ('8e1218cd-bf87-4862-a379-06ff604acafe', 1),
    ('23cef3ae-7d1d-49e8-917f-fbb7ff157cf2', 1),
    ('e2189d60-ad09-4aad-b810-308da778618c', 1),
    ('9a9e0009-59fc-4dbd-b752-743d3bbd1243', 1),
    ('a7c0b83d-6c2c-43cf-8e18-1175eb1d7864', 1),
    ('f7385dbf-f479-498a-9285-5a66c74ddd73', 1),
    ('6c5969e7-82ff-4ff8-855c-0628ece338a5', 1),
    ('fcf5e280-88a2-4179-a743-ff367e89e8a8', 1),
    ('82070cb6-8e0b-4032-a6d0-e473ea57a7f4', 1),
    ('7d2d4bb6-0fba-4c1c-ab5c-9536b21d62e2', 1),
    ('db34665f-6bb8-41d1-96b0-6d35694c87d0', 1),
    ('44dc14dd-9530-40ac-8d83-c001209b76a0', 1),
    ('367f84fb-d46a-4f5c-aa7a-6c9d6576296b', 1),
    ('63cd0dda-ac71-4ec6-9474-b4de34d36c70', 1),
    ('5ed1f41f-dd29-4c42-b4f1-5692766332a1', 1),
    ('bd3294ca-e86c-4c21-b5c4-d80cd4fdaebd', 1),
    ('9700f434-c327-4cb1-96e5-d9e70762cc6d', 1),
    ('3d9db642-728d-4701-887b-0a4a0656c285', 1),
    ('c8a75e46-337f-4217-b394-47880ac6f2bb', 1),
    ('d1cfdfb7-f3f5-4c8c-abe7-1fb5c553e99b', 1),
    ('2b2bf5ad-2391-4231-a4ab-f7c81594e71d', 1),
    ('8d15a79e-6b74-47a2-84cd-9c644b52dcb8', 1),
    ('25abbe48-9398-46e2-9cbc-a212a2898158', 1),
    ('6b8eda1e-216e-416b-ac16-bab209c9b747', 1),
    ('3c0e536c-9815-4a7d-b8e5-4a6b4f7d5323', 1),
    ('444de01c-e4e5-46b7-a500-53011de9757e', 1),
    ('373dcb2c-9d59-41c8-94ac-40536610bf5f', 1),
    ('13d0dd62-2535-4f1f-b407-22f6eed4198f', 1),
    ('574cd9af-57a7-48db-b646-41d5ed923ba2', 1),
    ('ab9cb20a-4e0d-487b-9c27-6bc857114523', 1),
    ('75d6779d-d207-4e42-9258-bc40f090da28', 1),
    ('dd987597-2b77-40e6-9d21-c0ab2b8a29a3', 1),
    ('5485571d-5c94-45b5-a4e1-9e58a20e6fc5', 1),
    ('726600a4-5708-432a-8ded-6cc003fc6898', 1),
    ('9701439e-ce87-4dfc-af8e-5609e2118778', 1),
    ('616530ab-6a30-4921-9934-2bab965aec86', 1),
    ('7dfa80f7-399b-40ec-a311-5e9694f42715', 1),
    ('81f36987-366c-4672-bd8d-fb55d7ec55da', 1),
    ('e7161923-a4bb-4e2b-9b4f-4469e6d98d79', 1),
    ('1de0d46b-6ba1-4a37-825a-b9caf1ca7495', 1),
    ('e4bcf3d8-d97c-4b43-b844-700ad40388ac', 1),
    ('c760a31d-da90-451e-a562-327321b07661', 1),
    ('d69cef65-2636-44d0-b6fd-f9e393b9e0ad', 1),
    ('22b2f51c-863a-4718-9ccf-2b51b62b9a90', 1),
    ('b037c2e1-004b-45a4-b40c-80319c1dc7c2', 1),
    ('7f7b6e8d-2a04-422e-8562-dddd55830a27', 1),
    ('7e61377f-41a9-44c6-ae13-26e64506dddf', 1),
    ('7b5529a1-4c89-4dc2-9e5d-1fbdc9d75a95', 1),
    ('1dbbfdbb-11c9-484d-8272-c6437073d5e1', 1),
    ('7ad783ef-a23e-472d-a208-531d72698bd5', 1),
    ('0cecfabc-47fa-4b11-8aa6-5d58848a27f4', 1),
    ('24d0e828-6bf2-4030-96ab-b7f4ba773c96', 1),
    ('4a2bb970-03af-49fa-b73d-e1463f2ff6a3', 1),
    ('449d8837-7d80-4781-a8a1-b2811fc3e6c6', 1),
    ('a568ee2b-be88-4ef8-95ba-985dfaf5745d', 1),
    ('e8e2233d-fd1e-471b-908c-2e372a2ed017', 1),
    ('454e0ce8-5632-4627-b9d4-f0f58a32e7c3', 1),
    ('226e9b99-eb5d-4088-92ca-e566ef53d7cc', 1),
    ('8010e150-e290-4b21-9726-aed032173ca5', 1),
    ('f006cf4e-87a2-4dd9-997c-2f6d4dab8d4c', 1),
    ('5f960683-1b7b-44bd-a03a-038c0e8c97e2', 1),
    ('ed786b36-7d2c-4117-bb49-438e3f5c94e2', 1),
    ('234b0c93-9351-4798-84b3-80a7adda61ea', 1),
    ('7c054a81-3f2a-4ef0-bc60-ae2d8f9e13be', 1),
    ('b8dde1ae-c803-4662-8fcc-4503255228ec', 1),
    ('c9255c28-e938-432b-a6df-e755169ac8aa', 1),
    ('d96109b8-a801-4482-a3de-f854a3380860', 1),
    ('2c515505-7009-4abd-b3b9-305a6a2c6917', 1),
    ('964553f8-6bfb-480a-a808-c19b964ac200', 1),
    ('50eb8cea-9b49-4f83-8896-d0f75d64c6e8', 1),
    ('30d56f78-a723-4d28-acd2-9ba12802c73e', 1);

INSERT INTO tbl_event (name, description, start_date, end_date)
VALUES ('Chương trình du xuân', 'Chương trình du xuân', '2024-01-15', '2024-01-17'),
       ('Hoạt động chào mừng 8-3', 'Hoạt động chào mừng 8-3', '2024-03-08', '2024-03-08'),
       ('Hoạt động tổng kết năm học', 'Hoạt động tổng kết năm học', '2024-06-15', '2024-06-15'),
       ('Hoạt động chào mừng 20-10', 'Hoạt động chào mừng 20-10', '2024-10-20', '2024-10-20'),
       ('Hoạt động hội thao Công đoàn trường', 'Hoạt động hội thao Công đoàn trường', '2024-04-20', '2024-04-21'),
       ('Hoạt động văn nghệ', 'Hoạt động văn nghệ', '2024-05-01', '2024-05-01'),
       ('Tổ chức gặp mặt hưu trí', 'Tổ chức gặp mặt hưu trí', '2024-12-20', '2024-12-20'),
       ('Giải thể thao các trường ĐH-CĐ khu vực Hà Nội', 'Giải thể thao các trường ĐH-CĐ khu vực Hà Nội', '2024-09-15',
        '2024-09-18'),
       ('Giải giao hữu các trường ĐH-CĐ khu vực Hà Nội', 'Giải giao hữu các trường ĐH-CĐ khu vực Hà Nội', '2024-11-10',
        '2024-11-12'),
       ('Thi đấu thể thao giao lưu khoa tổ chức', 'Thi đấu thể thao giao lưu khoa tổ chức', '2024-07-05', '2024-07-06'),
       ('Các cuộc họp do CĐ trường tổ chức', 'Các cuộc họp do CĐ trường tổ chức', '2024-02-15', '2024-02-15'),
       ('Các cuộc họp do CĐ khoa tổ chức', 'Các cuộc họp do CĐ khoa tổ chức', '2024-03-20', '2024-03-20'),
       ('Họp BCH Công đoàn khoa', 'Họp BCH Công đoàn khoa', '2024-04-10', '2024-04-10'),
       ('Hoạt động hiếu - hỉ', 'Hoạt động hiếu - hỉ', '2024-08-15', '2024-08-15'),
       ('Hoạt động từ thiện', 'Hoạt động từ thiện', '2024-09-25', '2024-09-25'),
       ('Học tập nâng cao trình độ chuyên môn', 'Học tập nâng cao trình độ chuyên môn', '2024-06-01', '2024-06-30'),
       ('Hoạt động đăng báo khoa học quốc tế CIE/A&HCI/SSCI', 'Hoạt động đăng báo khoa học quốc tế CIE/A&HCI/SSCI',
        '2024-01-01', '2024-12-31'),
       ('Hoạt động đăng báo khoa học quốc tế ESCI', 'Hoạt động đăng báo khoa học quốc tế ESCI', '2024-01-01',
        '2024-12-31'),
       ('Hoạt động đăng báo khoa học quốc tế Scopus', 'Hoạt động đăng báo khoa học quốc tế Scopus', '2024-01-01',
        '2024-12-31'),
       ('Hoạt động đăng báo khoa học trong nước', 'Hoạt động đăng báo khoa học trong nước', '2024-01-01', '2024-12-31'),
       ('Báo cáo hội thảo quốc tế', 'Báo cáo hội thảo quốc tế', '2024-10-15', '2024-10-17'),
       ('Báo cáo hội thảo trong nước', 'Báo cáo hội thảo trong nước', '2024-11-20', '2024-11-22'),
       ('Viết giáo trình', 'Viết giáo trình', '2024-01-01', '2024-12-31'),
       ('Viết tài liệu tham khảo', 'Viết tài liệu tham khảo', '2024-01-01', '2024-12-31'),
       ('Viết tài liệu chuyên khảo', 'Viết tài liệu chuyên khảo', '2024-01-01', '2024-12-31'),
       ('Sáng chế và giải pháp hữu ích', 'Sáng chế và giải pháp hữu ích', '2024-01-01', '2024-12-31');


INSERT INTO tbl_duty (name, description)
VALUES ('Chủ trì', 'Chủ trì'),
       ('Tham gia tích cực', 'Tham gia tích cực'),
       ('Tham gia', 'Tham gia'),
       ('Không tham gia', 'Không tham gia'),
       ('HCV Hội thao UTC', 'HCV Hội thao UTC'),
       ('HCB Hội thao UTC', 'HCB Hội thao UTC'),
       ('HCĐ Hội thao UTC', 'HCĐ Hội thao UTC'),
       ('Vận động viên', 'Vận động viên'),
       ('Vận động viên thi đấu giải UTC', 'Vận động viên thi đấu giải UTC'),
       ('Cổ động viên mức nhiệt tình', 'Cổ động viên mức nhiệt tình'),
       ('Cổ động viên mức tích cực', 'Cổ động viên mức tích cực'),
       ('Cổ động viên', 'Cổ động viên'),
       ('Vận động viên thi đấu giải cấp Bộ', 'Vận động viên thi đấu giải cấp Bộ'),
       ('HCV cấp Bộ GD&ĐT', 'HCV cấp Bộ GD&ĐT'),
       ('HCB cấp Bộ GD&ĐT', 'HCB cấp Bộ GD&ĐT'),
       ('HCĐ cấp Bộ GD&ĐT', 'HCĐ cấp Bộ GD&ĐT'),
       ('Tham gia họp', 'Tham gia họp'),
       ('Vắng có lý do', 'Vắng có lý do'),
       ('Vắng không lí do', 'Vắng không lí do'),
       ('Tác giả chính/Tác giả liên hệ', 'Tác giả chính/Tác giả liên hệ'),
       ('Tác giả tham gia', 'Tác giả tham gia'),
       ('Chủ biên', 'Chủ biên'),
       ('Tham gia viết', 'Tham gia viết'),
       ('Thành viên chính', 'Thành viên chính'),
       ('Thành viên tham gia', 'Thành viên tham gia');

INSERT INTO tbl_event_score (event_id, duty_id, score)
VALUES (1, 1, 10),
       (1, 2, 9),
       (1, 3, 7),
       (2, 1, 10),
       (2, 2, 9),
       (2, 3, 7),
       (3, 1, 10),
       (3, 2, 9),
       (3, 3, 7),
       (4, 1, 10),
       (4, 2, 9),
       (4, 3, 7),
       (5, 5, 10),
       (5, 6, 8),
       (5, 7, 6),
       (5, 8, 5),
       (5, 9, 5),
       (5, 10, 4),
       (5, 11, 3),
       (6, 1, 10),
       (6, 2, 9),
       (6, 3, 7),
       (7, 1, 10),
       (7, 2, 9),
       (7, 3, 7),
       (8, 12, 10),
       (8, 13, 15),
       (8, 14, 13),
       (8, 15, 11),
       (8, 11, 5),
       (9, 25, 8),
       (9, 11, 6),
       (10, 1, 6),
       (10, 25, 5),
       (10, 11, 3),
       (11, 16, 5),
       (11, 17, 2),
       (11, 18, 0),
       (12, 1, 5),
       (12, 16, 5),
       (12, 17, 2),
       (12, 18, 0),
       (13, 1, 5),
       (13, 16, 5),
       (13, 17, 2),
       (13, 18, 0),
       (14, 3, 5),
       (14, 4, 0),
       (15, 1, 5),
       (15, 2, 4),
       (15, 3, 3),
       (17, 19, 10),
       (17, 20, 5),
       (18, 19, 8),
       (18, 20, 4),
       (19, 19, 6),
       (19, 20, 3),
       (20, 19, 4),
       (20, 20, 2),
       (23, 21, 6),
       (23, 22, 4),
       (24, 21, 4),
       (24, 22, 2),
       (25, 21, 5),
       (25, 22, 3),
       (26, 21, 5),
       (26, 22, 3);

INSERT INTO tbl_event_detail (event_id, duty_id)
VALUES (1, 1),
       (1, 2),
       (1, 3),
       (2, 10),
       (2, 2),
       (2, 3),
       (3, 10),
       (3, 2),
       (3, 3),
       (4, 10),
       (4, 2),
       (4, 3),
       (5, 5),
       (5, 6),
       (5, 7),
       (5, 8),
       (5, 9),
       (5, 10),
       (5, 11),
       (6, 10),
       (6, 2),
       (6, 3),
       (7, 10),
       (7, 2),
       (7, 3),
       (8, 12),
       (8, 13),
       (8, 14),
       (8, 15),
       (8, 11),
       (9, 25),
       (9, 11),
       (10, 1),
       (10, 25),
       (10, 11),
       (11, 16),
       (11, 17),
       (11, 18),
       (12, 1),
       (12, 16),
       (12, 17),
       (12, 18),
       (13, 1),
       (13, 16),
       (13, 17),
       (13, 18),
       (14, 3),
       (14, 4),
       (15, 1),
       (15, 2),
       (15, 3),
       (17, 19),
       (17, 20),
       (18, 19),
       (18, 20),
       (19, 19),
       (19, 20),
       (20, 19),
       (20, 20),
       (23, 21),
       (23, 22),
       (24, 21),
       (24, 22),
       (25, 21),
       (25, 22),
       (26, 21),
       (26, 22);
